Question,Answer,Intent,Entities
What is Alzheimer's disease?,"Alzheimer's disease is a progressive brain disorder that leads to memory loss, confusion, and cognitive decline.",Alzheimer's Info,Alzheimer's disease
What are the symptoms of Alzheimer's?,"Common symptoms include memory loss, confusion, difficulty in completing familiar tasks, and changes in mood and behavior.",Symptoms Info,"symptoms, memory loss"
How is Alzheimer's diagnosed?,"Doctors diagnose Alzheimer's through physical exams, cognitive tests, brain imaging, and reviewing medical history.",Diagnosis Info,"diagnosis, cognitive tests"
Is Alzheimer's disease hereditary?,"Family history can increase the risk of Alzheimer's, but not all cases are hereditary. Genetics play a role in some forms of the disease.",Genetics Info,"hereditary, genetics"
What causes Alzheimer's disease?,"The exact cause of Alzheimer's is unknown, but it's linked to genetic, lifestyle, and environmental factors that affect the brain over time.",Causes Info,causes
What are the stages of Alzheimer's?,"Alzheimer's disease progresses in three main stages: mild (early), moderate (middle), and severe (late).",Stages Info,stages
What happens in the early stage of Alzheimer's?,"In the early stage, individuals may experience mild memory loss and changes in mood, but they can still function independently.",Early Stage Info,early stage
What treatments are available for Alzheimer's disease?,"Current treatments focus on managing symptoms. These include medications like cholinesterase inhibitors and NMDA antagonists, as well as non-drug approaches.",Treatment Info,treatments
Can Alzheimer's disease be cured?,"There is no cure for Alzheimer's disease, but treatments can help slow progression and manage symptoms.",Cure Info,cure
How long does each stage of Alzheimer's last?,"The duration of each stage varies, but early-stage Alzheimer's can last for 2-4 years, middle stage 2-10 years, and late stage 1-5 years or more.",Stages Duration,stages duration
How does Alzheimer's affect daily life?,"Alzheimer's affects memory, thinking, and behavior, making it difficult to perform everyday tasks like cooking, driving, and managing finances.",Daily Life Impact,"daily life, memory"
What is the difference between Alzheimer's and dementia?,"Alzheimer's is the most common cause of dementia, a general term for memory loss and cognitive decline. Dementia has many causes, while Alzheimer's is one specific type.",Alzheimer's vs Dementia,"Alzheimer's, dementia"
What are the risk factors for Alzheimer's?,"Risk factors include age, family history, genetics, head injury, and conditions like heart disease, high blood pressure, and diabetes.",Risk Factors Info,risk factors
How can I reduce my risk of Alzheimer's disease?,"You can reduce your risk by maintaining a healthy lifestyle, exercising regularly, eating a balanced diet, managing stress, and staying mentally and socially active.",Prevention Info,"risk reduction, prevention"
How does Alzheimer's progress over time?,Alzheimer's progresses from mild memory loss and confusion in the early stages to severe cognitive and physical impairment in the later stages.,Progression Info,progression
Is there a genetic test for Alzheimer's disease?,"Genetic tests can detect certain mutations linked to Alzheimer's, but they are typically only used in research or in cases of early-onset Alzheimer's.",Genetic Testing Info,genetic test
Can Alzheimer's affect younger people?,"While most cases occur in people over 65, early-onset Alzheimer's can affect people as young as their 30s or 40s.",Early Onset Info,"early-onset, younger people"
What is mild cognitive impairment (MCI)?,"Mild cognitive impairment (MCI) is a condition where people experience more memory problems than usual for their age, but it does not significantly interfere with daily life.",MCI Info,mild cognitive impairment
Can stress cause Alzheimer's?,"While stress is not a direct cause of Alzheimer's, chronic stress may increase the risk by affecting brain health over time.",Stress Info,stress
What lifestyle changes can help someone with Alzheimer's?,"Engaging in physical activity, social interaction, cognitive exercises, and following a healthy diet can help manage symptoms and improve quality of life.",Lifestyle Changes,"lifestyle, physical activity"
Can a healthy diet prevent Alzheimer's?,"A healthy diet, particularly the Mediterranean or DASH diet, has been linked to better brain health and a reduced risk of Alzheimer's disease.",Diet Info,"diet, prevention"
What role does exercise play in Alzheimer's care?,"Regular physical activity can help improve mood, cognition, and overall health in people with Alzheimer's, as well as reduce the risk of cognitive decline.",Exercise Info,exercise
How does Alzheimer's affect mood and behavior?,"Alzheimer's can lead to mood swings, depression, anxiety, and behavioral changes such as aggression, agitation, and confusion.",Behavioral Changes,"mood, behavior"
How does Alzheimer's affect sleep?,"Sleep disturbances, including insomnia and frequent waking, are common in people with Alzheimer's, especially in the later stages.",Sleep Info,sleep disturbances
How is Alzheimer's treated with medication?,"Medications like cholinesterase inhibitors and memantine can help manage symptoms like memory loss and confusion, but they do not cure the disease.",Medication Info,medication
What is sundowning in Alzheimer's patients?,"Sundowning refers to increased confusion, anxiety, and agitation that occur in the late afternoon or evening in people with Alzheimer's.",Sundowning Info,sundowning
How does Alzheimer's affect speech and language?,"People with Alzheimer's may struggle to find words, follow conversations, or understand language as the disease progresses.",Speech Info,"speech, language"
How can caregivers support a person with Alzheimer's?,"Caregivers can offer emotional support, help with daily tasks, create a safe environment, and ensure the person stays socially and physically active.",Caregiver Support,"caregivers, support"
What are some challenges caregivers face with Alzheimer's?,"Caregivers may experience stress, burnout, emotional strain, and physical demands while caring for a loved one with Alzheimer's.",Caregiver Challenges,"caregivers, stress"
What support is available for caregivers?,"Support groups, respite care, online forums, and counseling are available to help caregivers cope with the demands of Alzheimer's care.",Caregiver Resources,"caregiver support, resources"
How do you communicate with someone with Alzheimer's?,"When communicating with someone with Alzheimer's, speak clearly, use simple sentences, maintain eye contact, and be patient.",Communication Tips,communication
Can Alzheimer's patients live independently?,"In the early stages, people with Alzheimer's may be able to live independently with support, but as the disease progresses, they will require more assistance.",Independence Info,independent living
How does Alzheimer's affect decision-making?,"Alzheimer's impairs cognitive abilities, making it difficult for individuals to make decisions about finances, healthcare, and daily tasks.",Decision-Making Info,decision-making
What is the life expectancy for someone with Alzheimer's?,"On average, people with Alzheimer's live 4 to 8 years after diagnosis, but some may live longer depending on age and health.",Life Expectancy Info,life expectancy
How can I talk to my family about Alzheimer's?,"When discussing Alzheimer's with family, be open and honest about the diagnosis, the potential challenges, and available care options.",Family Support,"family, communication"
What legal steps should be taken after an Alzheimer's diagnosis?,"It's important to address legal matters early on, such as establishing a power of attorney, updating wills, and discussing future care preferences.",Legal Steps,"legal, power of attorney"
How can technology help people with Alzheimer's?,"Assistive technologies like reminder apps, GPS tracking, and home monitoring systems can help people with Alzheimer's maintain independence for longer.",Technology Use,"technology, assistive devices"
What is the Alzheimer's Association?,"The Alzheimer's Association is a leading nonprofit organization dedicated to Alzheimer's care, support, and research.",Alzheimer's Association Info,Alzheimer's Association
